{
    "0.20000000": 0.5567366617204546,
    "0.25000000": 0.5804186516931077,
    "0.30000000": 0.6106342249506373,
    "0.35000000": 0.6424806635668504,
    "0.40000000": 0.6745695124985173,
    "0.45000000": 0.7054367871360496,
    "0.50000000": 0.73487533001959,
    "0.55000000": 0.7630412672930191,
    "0.60000000": 0.7904037314779565,
    "0.65000000": 0.8163049218519303,
    "0.70000000": 0.8413309714302806,
    "0.75000000": 0.8652670322377177,
    "0.80000000": 0.888370016121729,
    "0.85000000": 0.9107213817305423,
    "0.90000000": 0.9324025099462704,
    "0.95000000": 0.953166449503916,
}