{
    "0.20000000": [
        -0.29503908753970587,
        0.01117655745254335,
    ],
    "0.25000000": [
        -0.12749584489728563,
        0.015121937162551216,
    ],
    "0.30000000": [
        -0.043631021239619434,
        0.008902028995570778,
    ],
    "0.35000000": [
        -0.03423016899065427,
        0.015442814638785137,
    ],
    "0.40000000": [
        -0.0179829088438252,
        0.01115736667856762,
    ],
    "0.45000000": [
        0.02222120315267276,
        0.012607426735601852,
    ],
    "0.50000000": [
        -0.0037882487230235843,
        0.016242573968564093,
    ],
    "0.55000000": [
        -0.008907466307304815,
        0.013279469630899855,
    ],
    "0.60000000": [
        0.010477402232112696,
        0.013795739491385928,
    ],
    "0.65000000": [
        0.002357573332867998,
        0.014792663698890476,
    ],
    "0.70000000": [
        0.0034129866061891286,
        0.01640946291333465,
    ],
    "0.75000000": [
        -0.0030617776770143104,
        0.013394926481139659,
    ],
    "0.80000000": [
        0.006718054608933619,
        0.016079938296095785,
    ],
    "0.85000000": [
        0.007492454216822304,
        0.012918867334928127,
    ],
    "0.90000000": [
        0.011502911010004639,
        0.008567102721118942,
    ],
    "0.95000000": [
        0.004045093624774034,
        0.011528247459819252,
    ],
}